x1,x2,y
-771.5016298995085,-66.42548559817243,-1
676.6104786790272,-235.16446619392997,1
-929.2037316654214,-102.14889743426801,-1
-47.96114069525606,267.58419208755106,1
166.10965131259763,-222.85633082164316,1
-945.6355446564187,-180.89900110550582,-1
-980.6957747652345,41.2194859279183,-1
-952.1597073056398,180.09197768917795,-1
187.28245893530402,-230.71034102846335,1
-795.6826280913742,-323.1659701343973,-1
-138.69453089648243,379.2769807016888,1
382.97691084496137,88.336951937408,1
-193.85291811041077,480.04651514200896,1
-990.7186216241539,458.52573508900616,-1
535.5218680303658,152.441541598169,1
179.25420197541212,458.81409623616685,1
493.0729618078806,63.05718728481804,1
-612.0559309478019,409.1883872958067,-1
743.401663079843,-406.0597237512653,1
-356.07078699330555,-454.9351658711008,-1
-157.1287898070126,-379.0511982591357,-1
-167.10944018701764,382.11183435644864,1
788.7625130114402,57.60287823589965,1
-998.4009243397123,-318.51180773871613,-1
-485.67288326749883,28.86495096566705,-1
101.03024355939624,35.27025055935417,1
361.544268071234,-311.5894505913044,1
-304.6475009253677,3.3176011420953273,-1
872.4724200439105,-427.1746301008169,1
-859.724260831475,-204.25061975004235,-1
259.4342321275319,359.7481887828237,1
47.61226984200198,-279.6108203633564,-1
-471.86381562734755,115.97278304317808,-1
-974.7920913018411,-47.05724557979943,-1
458.56928949089365,129.1901821506732,1
-4.11382994414771,441.17663654612284,1
159.168940547587,121.91120522252959,1
187.8715931553927,-324.25464709738407,1
474.16759276731887,-339.126943380921,1
-783.159311254906,-352.50147418495635,-1
955.1185127133976,2.195784383912894,1
-829.6427174398359,-243.84495813425355,-1
-671.3151781520219,-429.5467898788695,-1
226.51748070494432,293.6878558174791,1
-94.76326405711836,38.5540998612513,-1
322.57405074045823,-237.54471337728353,1
-843.8897386516388,257.4436585974669,-1
174.05948099917032,-373.51138519568605,-1
-112.94140660370135,-162.32359563482544,-1
-153.71818263129217,-86.58878585032312,-1
-241.08844604389287,-344.0347539668485,-1
705.2746125547862,-61.425952603295286,1
-813.5282706296649,78.27382060005084,-1
-478.8397959082405,-50.206239079160014,-1
530.8484111483685,128.4370429275923,1
-761.5380138722619,275.6924870412647,-1
153.18118960623724,387.7247604496389,1
-156.32908330930388,-317.81355969991387,-1
900.1692127618176,-83.73382982303735,1
393.210585365194,-215.31757761503758,1
521.9673556926155,-47.067428779622105,1
917.9953151631701,-466.937895056391,1
776.6437036888044,-16.66081298977906,1
131.87559691794718,-276.1205035533513,-1
261.2420677429318,-420.1807573015125,1
285.1646375773787,460.796582794467,1
-300.6500540591361,472.5098615658528,-1
508.15436191671324,388.7995674750582,1
110.87090586689578,-253.7743304526916,-1
845.2207103908966,175.46816213102488,1
902.344474047909,166.9515420102597,1
350.01242751637574,442.18717298312094,1
-703.3669619984,257.65832518428203,-1
-554.1788197470421,-465.3319337815918,-1
-657.7199235353719,487.71457659170744,-1
-204.82566620160662,45.50606260855966,-1
-376.1292676294594,3.3417218220382665,-1
-52.874567274003425,285.3511859381381,1
208.2731407716842,456.29769571559814,1
856.872147291361,470.60073662910895,1
-428.9686828071315,-120.51976963533218,-1
-283.4210063663487,193.56898986006877,-1
-155.99083459693384,-342.93211798507264,-1
278.2170309006324,184.34885921243153,1
159.99836184461014,384.1852052000618,1
235.34513302517485,270.1406444070012,1
664.4274104206188,303.8882375784825,1
221.93984118695562,323.9837761942032,1
-772.7538047582623,-410.3461085054115,-1
-342.68113231068423,243.3194544435836,-1
-384.09035631423967,170.31275362258998,-1
-234.10297195730573,-268.77651090084566,-1
-817.7098079633757,386.4367593806717,-1
-667.7455649567947,-255.60334044527954,-1
-862.0753737164679,314.40128959420827,-1
496.43520475673404,192.16620458874388,1
756.3764107366994,460.1393649227216,1
-675.5467312479435,456.3751114690151,-1
-546.0676300307935,-394.7857471166061,-1
-158.07186253799182,-79.16096220432269,-1
543.0746859056069,-125.72101629495467,1
56.638594584777366,-458.2516008427503,-1
412.2416321905789,-462.6695292627905,1
-694.7407173622926,271.21788309055205,-1
-990.7778985030831,86.56393331232414,-1
300.3231806157585,-137.96884141666357,1
240.62506035829074,-41.837725429040404,1
-93.38309588337631,112.09866199791031,-1
-664.9416093668849,255.61674490767928,-1
-237.01718280469436,167.98327182743628,-1
278.26414772244084,489.17988185534625,1
79.43771692274504,-447.81303086741497,-1
207.75363116490485,-327.2596377671817,1
678.6187554283956,272.38426146062284,1
-718.9436049633412,-471.8162448060892,-1
661.3650397983465,278.2893137765408,1
810.083832896689,96.73931892055134,1
589.3302807973294,299.5365031714723,1
-378.9872320740875,435.71958386867846,-1
-544.5965421870313,-245.72833862579267,-1
326.62469796541154,29.325737844400464,1
-330.175915368814,337.68827589859313,-1
215.55157665924435,-81.2470346096834,1
-260.6226409333141,419.892125148869,-1
828.4318279451545,25.713384872550364,1
-507.0850808767977,410.28848227793196,-1
877.1932201300506,-199.75114815990315,1
565.5521059866071,-151.27372794577354,1
259.0285918079296,-210.89507787045227,1
151.6037709005359,-142.00046117991172,1
-226.20209488898536,128.68040150573177,-1
-747.6119440099737,-363.8214642835453,-1
228.95626441580976,454.945556647854,1
720.1436797216807,270.3398662874516,1
-139.5412979131978,19.61345676553242,-1
993.8256372749172,-265.6148766378924,1
942.07830319564,283.3771100748296,1
-682.1115709571866,430.63977985698045,-1
-541.0419891113692,-17.810846820840652,-1
469.2875727222979,-491.71127005406055,1
511.0118456259613,-63.07335991795725,1
-202.19379620374207,41.26692487448224,-1
-869.5241113352519,-346.5753542894958,-1
146.9968698616874,348.1147349839073,1
-312.9663965959721,-375.0999962548438,-1
-319.53012057118156,334.2728585148028,-1
241.81159027600256,-133.26568249084482,1
-70.74757543050157,-20.959121089102723,-1
180.03932161910552,-142.01743424497903,1
609.6349045695981,312.0337300208806,1
327.26458740618,-153.28255192537654,1
-424.0733565159893,-200.4390953977565,-1
-567.0398667298027,-290.5270900671169,-1
422.8657718400443,-134.92440816148275,1
-112.3016119311693,-51.90311583586714,-1
-3.621263850572177,319.38065197355684,1
49.94395227496511,490.3291417566909,1
-919.9614787676935,26.76713955108619,-1
-999.4934089152079,-483.47849520321563,-1
706.4454391944435,83.98975768849755,1
283.3454163683384,-410.00773215240486,1
897.0927035423451,296.0380590120676,1
55.33281811307188,32.42432653505716,1
-989.6703084332325,-94.33332711620557,-1
564.4708298723106,34.01685856371671,1
-914.3036514819939,-112.0500604245014,-1
-587.2427479191028,324.47697218061455,-1
215.3572012038835,-10.115508533547256,1
-238.13105266372258,-21.672900048422264,-1
-44.97774827229796,367.3933510645801,1
852.6186954346153,-230.23686599897206,1
691.4100307590832,268.358934495261,1
38.726765460619845,-133.64568785393482,-1
109.95534383396239,233.4823541741764,1
433.70535097636616,-129.54213471519404,1
510.68244251182637,362.20613465033944,1
377.1787148141825,-1.5540174230312687,1
-756.5820624992643,-462.8117411428807,-1
90.00083156253413,-308.729486654216,-1
-172.03293443600182,40.00409626160217,-1
57.011681970552445,225.781338561835,1
80.30233446299167,-335.4390628199169,-1
339.0845203385634,-167.09012748775922,1
291.5769190248243,390.08158732300933,1
-16.22883337096812,192.25663284245695,1
-265.9205660501152,178.23001152756535,-1
-671.4304625070424,269.6020042592784,-1
432.8414080183768,-384.26408044745796,1
-307.03331743421575,480.12992300914857,-1
802.860173758665,332.67277670842304,1
-168.30271313774415,31.69763753481186,-1
36.19821075297796,461.1951502595758,1
-961.5330221593408,44.06279817437132,-1
-921.9128851139803,51.24988139345942,-1
81.71273256177255,-172.643396383376,-1
678.3172099169742,-444.51971892272,1
-406.6085451830668,198.58417968631773,-1
202.1077025289901,307.4230463003546,1
217.60557912081777,314.8142646450258,1
284.13055393925924,323.66013010281847,1
331.8682133311329,303.07156794267996,1
227.34905890617028,426.69046902274977,1
262.789736803501,480.2391130697325,1
-431.3423933762339,-410.62566941363843,-1
-430.18105156086904,-316.953156192155,-1
-778.1632882189289,83.78785868783393,-1
-334.89880643551135,-346.68483508938175,-1
-929.7452700513782,60.80579565283949,-1
-60.42934784471595,-454.1131632969094,-1
-292.9508464004351,31.98398724903973,-1
-1.7867278909518518,164.63645969369452,1
695.4579250139059,104.84891119458621,1
470.07547308254334,17.72213138818165,1
-127.06429739246187,374.9740532307402,1
-342.52766652921696,-430.36687029431323,-1
-284.7321085610756,-75.26389999447224,-1
791.6133991921733,-435.75593302869265,1
703.6231246817972,-297.90993266271204,1
-944.4206258148012,-171.57297906447133,-1
125.38707495378117,-402.0199474113127,-1
-672.6003989888331,-38.03134085260774,-1
914.7666607498477,-442.07894478858157,1
-804.4472690588893,-212.68457786278617,-1
-633.7039184934727,458.8156824399041,-1
-67.59571579629676,26.811799697035553,-1
958.2773128642903,144.3077449224353,1
785.2387911230232,-104.80179012553458,1
147.7546807424858,149.65120697824432,1
480.42294798722355,-212.03469843487176,1
512.881018294765,-74.0470657864908,1
896.0716121458504,-483.4520700005089,1
498.41983953388694,-478.3578325097426,1
-532.9202621703162,301.66173820050085,-1
532.9990868712443,-322.6102177696296,1
656.9577277132717,-295.26960616889744,1
-848.8759137236024,-37.86508366653629,-1
-667.4237260374725,16.581900914923608,-1
397.6467392217494,285.6778465527641,1
451.00361519102375,-9.307241851864944,1
856.8173981587934,0.586947038667347,1
2.3449846738983524,-135.68119992469332,-1
717.4698721026593,-330.6563743454269,1
144.18702435858768,352.6413484150461,1
-181.85953965523163,-479.6922624090774,-1
-973.9788713370061,164.61570453689785,-1
-900.6116524844518,97.86809805354744,-1
-848.8381082269354,-335.23837529207356,-1
-187.45193853465912,131.4681476461741,-1
208.4644111019154,-423.76502169636143,-1
853.9502435253114,-341.5004609446805,1
-986.2915381372186,188.87834734181195,-1
836.542105552568,-154.82305340161008,1
-392.4348426171549,208.24717502169915,-1
596.2699738866463,-104.0999302395752,1
931.8615505546854,193.32585806431302,1
-306.4072515318927,336.64915472726364,-1
473.1512805583852,170.74328364221628,1
670.6637270555684,-367.51319482857184,1
481.50882988985745,-451.7687033542024,1
-421.6846520035889,371.24899303305347,-1
582.7792418525255,169.56432742411346,1
-679.3409992284114,-260.03262224290813,-1
214.47181717960325,-205.21540054754087,1
456.7303813199287,459.25015386841005,1
-358.29534855077407,375.50957596650153,-1
619.820205804237,-110.1041340294139,1
-950.4799931951768,-379.52489320552206,-1
-39.92789044672418,483.6213460439085,1
858.5519579634677,139.06619485934573,1
-422.99383611816484,394.3976666891897,-1
318.8679365400012,-492.0596213035514,1
-980.5033521577857,-423.7397834089873,-1
698.5377208569246,283.7823044365872,1
-922.5196975423751,471.80104874742915,-1
-335.43700845683304,-8.073492305694629,-1
902.0263581208374,-473.1395362475694,1
-206.96090846868765,93.75024246995747,-1
-127.00526582488123,487.50867013824757,1
-472.7564250752922,-489.84458302600564,-1
-311.54609258225037,180.24866650086756,-1
275.46470033796436,224.0811622639767,1
-818.8467367305217,166.11147080104263,-1
-6.92664751982602,-351.7280409201634,-1
-504.28129989265005,-32.16278559432237,-1
737.0147624593744,133.88566715495892,1
-768.8338365984014,173.39790365762371,-1
626.9899650112941,41.72379211475584,1
-589.8014646007152,303.7973311924667,-1
573.3561488948696,-265.9704523564008,1
-135.443223624069,246.67180810775073,-1
508.963126031593,-306.40142679055884,1
149.17772626571195,-49.5575605403601,1
80.61644242545958,87.21447484188252,1
-407.1243258387751,-174.47918043258915,-1
340.5740074335654,-50.87087975455495,1
-602.8027887307353,348.87178458215635,-1
224.3318046244426,496.50361802779184,1
-902.5107383854911,-462.4484950903935,-1
682.3699295880529,-57.88144953052466,1
-939.897091106425,-266.6265511514162,-1
-320.17255623164556,-273.5343353245583,-1
-484.5256548899562,-29.68139158091276,-1
686.2412950598541,-327.15451566831666,1
-112.35193042151548,-99.03375455038787,-1
623.753588952814,-431.33054650618726,1
435.03814412463794,74.3045176665255,1
-805.4015901698058,272.1607696956622,-1
-250.01228153860495,-145.22263569253403,-1
-823.839077939488,-377.1502195380323,-1
998.0178565812732,-251.02219372183566,1
909.5439676569763,-385.7493937241462,1
-79.33906330988088,4.542603729276607,-1
346.43645951739904,-369.7695462779823,1
-988.5838174885466,-399.47651058745316,-1
-647.2151844126558,-305.7946168877429,-1
-546.1002961611352,-188.17707977819288,-1
-602.0675313079212,-433.74453670582847,-1
-784.651420197358,349.24482750411664,-1
-370.79127852923136,-273.764976004525,-1
-919.0816904715074,451.25747051549433,-1
111.46554255420597,237.77617282725214,1
-507.7924553369502,-273.1198459001322,-1
321.37512429161575,348.509529016446,1
-527.7060847988525,-71.4290914919884,-1
990.0321093428399,-223.2099447618836,1
-790.8735185145899,326.5616364707921,-1
224.8988796605322,-302.2020215465684,1
229.611113589257,-260.9899037234172,1
958.1956051339423,190.10184757765762,1
-267.1308175909128,85.26196951215252,-1
-63.68063668606783,428.0360096705922,1
396.9980788614796,337.42957458342426,1
-284.16770395701826,418.5816063634785,-1
-181.52219886137732,-149.4532954827178,-1
225.50823346254492,-467.25108369850756,-1
-546.714935378797,-495.7337688686281,-1
-371.47108879259076,497.697462406878,-1
964.1796533844715,28.51838518758848,1
-949.7377715531277,431.21830401315026,-1
-496.46314135144576,111.33913023889477,-1
765.1185841367962,278.45386826188656,1
-205.82586325704915,-452.41360538782504,-1
16.897108292915277,464.57688224347794,1
948.8269735419958,-405.1440904661931,1
704.3472788936458,252.88609808097453,1
-83.26694265122694,-441.5726284624394,-1
-389.491567464219,-352.952758298115,-1
59.99599044444153,140.46931613757704,1
-421.14897659150574,-16.359508167499428,-1
734.702442406953,176.90831048257076,1
-738.7937055355982,-491.9478497949654,-1
750.2940511659258,-184.23399163990797,1
-813.3710122114668,-102.69920699695967,-1
780.6225692222076,495.8239542616817,1
-952.3343634645731,472.5017986285337,-1
-554.0158345958721,47.61618854898359,-1
-680.2979801626872,-367.3094412526117,-1
881.7173402833189,-298.4702909775061,1
-109.54264903419948,232.3277106184587,1
-253.21976426487527,195.49752640605413,-1
-40.65954545631655,225.02927941167218,1
-838.0964031457099,-245.947753517913,-1
-150.0961554442424,-106.94740641085855,-1
706.4928088257707,-115.07833111464214,1
946.5529932923914,463.3805254793325,1
151.35353634808553,-170.0323836326184,1
-764.5091285879206,427.72608295480177,-1
-338.96500455097316,2.9597133101412396,-1
-799.9322233098418,220.9701585877417,-1
-411.9038670033435,320.7475916668466,-1
715.1656695667889,-256.05281829989013,1
781.7298925987277,-191.32203834807694,1
39.919136940252656,-315.0579163412475,-1
475.0465221395568,-188.35942554141292,1
-849.1698076829506,10.253731291646432,-1
-417.20261642471735,465.70329984007617,-1
240.2028750690265,195.73820234579875,1
-378.9528344538511,399.6247795275825,-1
13.40321904515963,222.91264723287304,1
-975.2055859529465,-288.73555421310107,-1
925.7330796771325,-364.5294801019803,1
857.2408779108164,70.81372111709663,1
73.90780078196963,373.59519615374313,1
-723.3647794501624,189.80768556421617,-1
397.733376821172,417.9586180642567,1
416.99929590131364,361.2150571765202,1
-283.34839394579365,-141.33011244418168,-1
424.5983808384392,-252.92149813658938,1
-164.76695072984057,198.8728396953859,-1
494.8136999705207,-197.3812317032784,1
686.9029219388685,-340.64611564845615,1
-391.0773784945974,-230.50267003456935,-1
-177.9252640013234,-125.56855624990538,-1
-375.10375630358146,-462.2251050090086,-1
549.5165944895425,-173.62270713965944,1
-599.1673794380515,-449.9373833694126,-1
660.5603988060225,-429.01200428550635,1
454.75485874135734,228.37191722202851,1
-248.73959442768864,200.7309539321402,-1
-228.01027701526255,454.32508622094974,-1
670.6196162674503,313.6117631840252,1
58.03300570003921,-441.2264795036307,-1
947.1984697262039,-48.69151750274392,1
-286.57483464039626,-255.50453220361524,-1
-714.2100009098319,2.137251359960999,-1
40.471424428273394,-195.92684272775716,-1
777.1388645233444,-468.382922246134,1
-362.9707246082843,-300.336066342447,-1
622.0538384027509,-177.20421151285814,1
-723.4223563377525,170.90955289929082,-1
393.029850972388,198.59914103718972,1
-809.3979033582328,166.74672569849486,-1
-456.93071587932275,-17.91708739356403,-1
262.01522980452046,-400.2824531718896,1
456.55385059840205,-235.2791471448299,1
640.2370444945229,19.902037100017424,1
103.07702113530763,-457.64772297944614,-1
-278.64307452306525,-282.9874564621746,-1
786.2842558757106,225.21254578359049,1
-307.81666192243404,199.4209244999015,-1
-662.5674751344659,-296.5654359351357,-1
-115.67509336456135,200.150478489041,-1
581.3769359288467,-299.1464361119015,1
984.2211725707989,-397.6023407006712,1
581.4457111497054,-117.8651964782216,1
-756.8927314090413,243.87991017467368,-1
-679.5312980741453,144.81857593723066,-1
504.2108148160662,-179.12386706805086,1
-955.2961123330888,355.93152020637183,-1
878.9473003447574,249.91630816907343,1
-259.25280191428476,-329.3841826452058,-1
-600.9109162906066,102.64564672326799,-1
956.0706475139202,-57.862370625043184,1
126.06038790456614,-443.63185852949414,-1
-3.844286984688665,96.69730051998454,1
867.5587938737185,474.9162409188988,1
721.3029805241199,-30.24881308639084,1
733.8274638216519,255.75867622779856,1
549.5862611417322,-343.1978023171598,1
-835.0105095553301,330.2356490345169,-1
-490.10362620762106,-496.3321681265419,-1
492.56406859148956,-289.917953804799,1
78.27225289789249,401.8914116487581,1
-349.1527874812439,462.8820900814528,-1
564.9373302333338,-437.2100828103331,1
-541.2580224394428,-108.33997718349718,-1
-888.5798744840896,-17.687479294175773,-1
833.4093828185989,-462.835455134684,1
725.641106520834,-348.08685538602276,1
104.04139449207878,218.0042217092672,1
366.93550590931454,-401.5136548044421,1
415.1728184238166,-333.1672159101705,1
497.87464215797195,66.5394776811205,1
501.89127340405935,239.6239930740486,1
882.6578601751798,-86.55858932124295,1
-687.7655757919536,-27.00470159609256,-1
844.6062963241786,340.9545743554345,1
520.0542067289678,-258.12750324167223,1
314.6256056462503,-255.47590582217006,1
-98.69991364736802,449.6253252252079,1
394.5674582503925,110.64683783160001,1
-541.986510085561,-176.83829106329142,-1
395.04661574526494,-275.2582186974363,1
450.50886799766613,-209.28628308098394,1
890.2290757018131,146.26297479975244,1
573.4739267821974,14.053877271734791,1
728.2174965217744,-109.41622744476541,1
297.37665110669286,12.541083710352154,1
-44.616501785526225,280.84218025593054,1
-332.7114594214436,-237.37569462646843,-1
81.26835012807601,-319.1520237824129,-1
-827.2737406111756,197.32456265711926,-1
-615.9868783630684,-459.2584707061164,-1
623.7998238234252,84.28245987885566,1
-748.9929153427759,-363.88668160527834,-1
458.38181556215795,-82.37315051435479,1
-384.579286890586,-379.1934957350962,-1
-170.64638045205925,466.4184839322709,1
-305.052808780964,-193.24461381667902,-1
909.3520556469105,245.0259589190042,1
659.884386107286,-316.9124048056634,1
857.2057486025785,-264.4578155069428,1
274.5822332358607,334.93131226646267,1
193.54495057958593,-97.79734158135733,1
-376.0949634207087,-219.09206853321604,-1
104.48372184006007,58.98265500123341,1
22.8012863645273,180.718909538871,1
937.8551528604705,-49.49637542907578,1
114.91241985458532,202.21926780484637,1
-382.38085487247054,155.7993181866674,-1
345.24511020219916,39.236183591307736,1
-408.37546810882236,-398.9212042755593,-1
708.1964478978921,-340.50173098876513,1
-218.55727417569688,463.97657235582653,1
-807.7765530997926,381.30710452271296,-1
-146.05965938382724,-74.04402771194975,-1
341.5074175162181,-195.33029608602203,1
122.61668590234103,66.30872786705379,1
875.17484959216,-378.89844995472924,1
21.55065689809453,469.21629452507943,1
115.48000597525947,-270.07984538677954,-1
377.7982385875291,-119.88096206546885,1
643.5939643098022,-427.648242499408,1
599.1046909334862,484.2296316617201,1
137.25946932724514,0.5677144534785725,1
540.9501896650718,236.16395097325176,1
125.34197374065889,324.9151628460505,1
-573.3524514831738,-24.173998260501605,-1
-156.75668295773937,373.02993223727765,1
-438.9834049575858,24.637733497980435,-1
575.7168110998807,-456.8198055661531,1
215.54173759864602,260.15905182444874,1
-347.40698282831306,151.34606745205542,-1
156.03161791661,73.76952781918385,1
-274.18256476735235,-144.5896547071194,-1
620.3447924599202,496.0846889346891,1
-290.81912786653265,-180.0300445573124,-1
-165.2654095262376,-455.95754534909804,-1
-783.9089698278888,178.02800535965343,-1
-68.92956288197104,11.458849092239689,-1
-243.83514122357747,-209.70810811998655,-1
-70.75006396823142,-198.07360219139838,-1
-578.3603523821146,-403.55610349576295,-1
680.3957136767594,125.94999891525288,1
646.1156468292827,-25.463654781794673,1
423.620488089392,152.98433683258122,1
-757.5070670956707,-30.507329264396162,-1
-995.8355141171266,325.0426393043248,-1
508.9212200991283,-140.92020030883356,1
-257.1131537824514,-330.7683409919896,-1
148.66686159033407,-222.60619661497992,1
789.1642803319712,-7.734422869703167,1
440.31195416135506,127.30532888256619,1
445.192702641222,461.1313070336381,1
617.418498324274,-206.13175101676694,1
-721.677815352459,-266.641507126982,-1
-237.8944796893785,281.07985142912,-1
-483.6302892638033,-263.7734085257527,-1
506.04398041296395,119.10964282524276,1
484.927629663998,-230.30737225077445,1
-492.6552444411292,-138.79701980145455,-1
-975.7691553309253,197.80951072532525,-1
607.0339863014549,-336.37002794424353,1
-380.0228505872765,326.540669437117,-1
-996.2611109385098,189.29628439618557,-1
740.8335504086951,-305.2225955236477,1
-782.7238453821863,108.36010153588143,-1
-644.9393306549721,349.40042959763935,-1
206.32947290252105,-126.70410521405461,1
771.9535393333358,88.35108756249747,1
740.0359238789254,413.4268211775725,1
915.0007202743186,-289.150125279196,1
724.6971356079296,467.53095252109256,1
158.1610478550774,-288.3314604914899,1
-549.6719237344712,-478.35353647080336,-1
944.9970261937913,-341.12442905149965,1
-836.3831366266614,-393.7631408069441,-1
43.613213060194084,282.9399851434224,1
-567.2409591992048,-499.5997842539206,-1
639.3528131245462,-369.6723662780654,1
-130.36051253195512,-192.89686062326984,-1
265.050689947421,462.72072529062075,1
601.7219524378795,-165.04807675799572,1
795.3684665642652,-492.0171034745828,1
-492.422977905159,-277.00120375056315,-1
864.6471158311617,153.1643203318822,1
787.5987794361095,-384.04583116803605,1
52.02025728988883,-434.558340097706,-1
544.6786504413731,446.1009087458008,1
-244.55080145915178,-190.35094234498587,-1
428.7697811029743,65.31364286335395,1
-235.61505691773266,488.83608518371443,1
364.486462414141,418.7190135191213,1
-475.44136721334064,-30.43431300776433,-1
987.9475331417448,-201.35278615365218,1
-695.129676468734,-150.7748013192791,-1
630.8901741911593,-55.413560639872,1
618.668920856931,190.71489002995725,1
564.7958799083681,494.45243432526,1
218.50336704610322,-426.76503141732655,1
-48.226817964690554,-399.8260211162763,-1
944.1979428182949,247.41047694821964,1
-744.8679292644531,19.727940023840915,-1
-365.3418030159917,-208.7729765702514,-1
-928.4067641325613,131.30934839691838,-1
264.63039002278856,47.6289727246633,1
-478.1128758187332,275.75781186459085,-1
-818.6288684957925,-388.51164404119584,-1
-494.24417687831146,15.168807831843878,-1
555.051993205678,-430.2215595551206,1
-177.6712127760602,-389.62890339362514,-1
-194.3898721094281,103.21305709896376,-1
-876.110333402262,447.41434151603164,-1
-821.3459586305146,-249.4479051582542,-1
-758.5823844864841,-384.2142056800702,-1
949.923825537667,-141.69427710213313,1
-906.6329904195889,-328.1050930456576,-1
-246.76571590862716,-114.03894665092173,-1
-814.9863832685926,338.6478818756382,-1
171.14333791105128,442.99093914517096,1
838.3954187653201,-137.3305107573819,1
-873.8088681545919,-420.38392831054773,-1
-331.44472884396,-453.47637931659926,-1
197.62173114095708,140.7436948303707,1
825.2265086022637,434.3783934973643,1
243.2018574281583,-238.76753683326734,1
470.14218753455157,-12.098835922619628,1
855.2494965340591,205.68264517183968,1
116.0574170370553,316.88541024668746,1
-368.40798065648835,272.0064368857975,-1
-32.10828149893882,274.61839891425905,1
324.09989526929394,418.29735960908204,1
615.0550787256423,-214.89671599715223,1
-105.4991516132402,-151.74458628564446,-1
812.8675987081103,402.8914349634963,1
-90.17006687282844,-155.80782785943194,-1
514.9772467130956,215.4729004487233,1
-882.0063434258361,-473.68346604651947,-1
-883.1223209377006,-71.57843524759278,-1
578.1043229256461,-185.8289716443785,1
935.7276366402887,-438.1946731120061,1
690.2248069238553,-9.78695262459405,1
-124.53505752288254,-75.49833563851661,-1
-827.1206007262292,-372.12897056270043,-1
-780.6267031429601,-283.0507280351459,-1
-481.76359703186097,-333.3706083444876,-1
-512.7122844298531,-142.14418855196652,-1
673.8949440064855,207.17158042437654,1
-510.9815734358041,-304.7158560426925,-1
-561.5429788158142,268.42098745442377,-1
589.2423791254698,-140.21791331419308,1
714.4957816872961,293.2026663992423,1
556.1781093033412,203.53370212954314,1
518.0836106832892,218.81907415764442,1
-179.81308375153833,-79.81646074178008,-1
75.0823253150993,309.51269232383834,1
-391.726740270381,-439.72037790989793,-1
-125.88435146260088,-209.44854488429309,-1
651.2960395625605,354.12735762622276,1
-605.6679836885587,197.4292641926006,-1
-153.28156731783736,205.2976278734467,-1
-644.4885788306132,-395.36754994043633,-1
-999.5695321963581,-379.6413607139456,-1
-574.1734344785942,436.97036749964445,-1
157.0038941354187,-265.1246130121856,1
804.6307757785473,317.4049321985992,1
185.43488392813197,-93.63559293707146,1
92.53292117627848,35.76552183120691,1
-440.7673126939935,-88.86540601863157,-1
-130.14678202620564,-476.97009773741604,-1
249.8583471480738,-364.47436487635173,1
223.49092807606235,469.47219593743785,1
-232.17102519112973,119.2403710943222,-1
432.8101949922441,-213.20248614507096,1
-697.5122285290163,-44.20605243233945,-1
191.9832977643032,139.17967913603366,1
-980.532224176575,-219.2976497146961,-1
-515.3103888024335,-320.59771235992264,-1
444.83506112963937,-167.8737665185721,1
761.7329316102473,-324.0393168520127,1
-144.17538499759019,-255.4774705398669,-1
-394.2308136470782,-168.33253558323315,-1
-863.8463946800694,388.1704608141141,-1
-158.0092890029996,418.8793953026311,1
-894.260599105819,-83.22500005031532,-1
-70.29619300335719,160.88549119506047,1
410.48277374276654,29.47368045444125,1
-451.6645964073509,-283.0162733434257,-1
647.3298005369613,44.98522776308505,1
-388.11212622262417,226.95073806460323,-1
-809.4207760163379,60.268961681652286,-1
-853.1349720848032,280.2272547985133,-1
-794.3874605094359,67.86766002313448,-1
-169.76141693464535,465.6529347247366,1
410.0554428142266,-26.865513874310693,1
-620.6996470450237,240.15129377068877,-1
885.0644185848739,362.10684523805674,1
795.0714849428703,-388.5165928358776,1
-421.74796301013816,-362.00617603626176,-1
69.5407884774927,-131.7897077426614,1
411.4436814940584,27.995838288608184,1
-28.649842365396694,-380.2105762370903,-1
-984.1352865505435,246.88841672612557,-1
-481.89988622123667,-113.54429875380146,-1
195.1658420689614,-283.4765848174479,1
416.6163839255057,395.38929325763877,1
-911.2489825984989,-398.43771578897423,-1
923.5181612521158,-19.59046833911748,1
-264.3191599737438,211.431247089355,-1
169.0454289583506,-474.05751923387317,-1
-864.142030024034,66.44520397591668,-1
-849.5605259924761,-265.68152038827884,-1
-918.6824849997408,-127.26913229045624,-1
487.55018593266755,221.46063673962726,1
228.65592780339057,-266.4424314768411,1
-350.78807545899963,278.7235378534631,-1
-64.74950475654248,110.11959091135407,-1
937.9283768006449,69.61985300946708,1
660.9444685515748,-420.3821717283829,1
-647.3325303255364,440.3821929895504,-1
599.5102295854751,85.15297549171999,1
415.8998212681927,227.63283086589763,1
694.7048573413083,-306.00660158922676,1
-923.5454192873153,-339.5661705472741,-1
-97.01594402056162,-249.70839443290714,-1
248.11863930967888,-74.38741110183764,1
38.428137666412795,140.1797009261502,1
185.8281021843918,456.36246216898337,1
547.6544098770323,-472.821978002829,1
-328.40480203440416,364.3893787749596,-1
-349.1648318973215,-311.6970358434295,-1
899.1639070742601,-39.002328687801935,1
-783.9150545402558,434.95506694850553,-1
-216.5601843703115,316.6688121960739,-1
120.51114524855575,316.1207852134986,1
965.1372255617691,-420.7449932249334,1
-381.58742138782054,496.6949249482001,-1
-772.5445585814912,-364.2243236246576,-1
-527.4565715594249,-157.87505795974897,-1
899.3400723735306,-260.5939183690117,1
566.5227774792236,370.21930060900536,1
458.3779874531656,-364.9871604509833,1
-979.4583547107014,-456.44020298847965,-1
-238.49072943317265,119.79006939781914,-1
-195.76401946997726,57.83293406142741,-1
874.8474767649946,-300.38071302835203,1
664.5137740913165,17.992198967387367,1
-54.679697915238194,-141.45166896463593,-1
-924.2796595772185,-116.92652471558085,-1
24.164444600147135,-447.54758416098906,-1
742.4658903763197,-133.00450744197423,1
999.6518723885908,183.10666674283755,1
-126.38813904969925,292.14029409362684,1
-383.35271481711584,124.89773866834946,-1
998.4988708720598,108.02831707160055,1
51.11288419894208,34.01131833136037,1
456.5567026791741,-53.028430730627235,1
425.8548050800987,-326.9400558011768,1
-618.1989066537426,148.2100383860958,-1
779.805280972565,238.62446001560363,1
-704.7507281550304,-369.86529698351023,-1
83.01579263191115,98.02181063911235,1
-548.2112361156849,475.7527943796131,-1
575.5270117287571,404.8978781172766,1
-49.55729918261591,232.26917607392704,1
-725.8328091514684,199.84135409697797,-1
-261.59919609872895,161.900510178599,-1
836.7792459739967,-201.70900048724127,1
-301.4352946515688,-2.514073564591854,-1
-299.024401419824,-220.69753191371035,-1
755.1205713049844,273.8287397638536,1
321.7661229397031,-137.53452235624695,1
-242.34863524087677,76.74808673403413,-1
-734.759259575032,389.98941631129946,-1
221.03642878321648,411.7463649294332,1
-18.952052876333823,-37.40092765022729,-1
-275.15855763710476,-311.71168382549365,-1
900.0211452719241,20.376512697905127,1
-785.4539671080463,466.5214165412905,-1
81.74898187340796,-67.15388193929937,1
-905.6063972396187,446.97371221938533,-1
482.19089990454245,396.49085331873346,1
209.0585640116185,-72.52332344021505,1
-447.7169263485066,-310.76998353205147,-1
974.0242010549123,437.51369789298553,1
931.6625387603656,138.4722516325901,1
-17.709306715392586,-486.83975981730475,-1
406.3991130935467,373.42082093143244,1
674.0466630324306,144.160250430431,1
593.128075246274,486.1745133132853,1
-487.0491869418165,22.057439949764444,-1
510.87549055295244,-78.52361233846705,1
-884.0259929584718,-66.77581372351801,-1
875.5885471259007,109.36734423674841,1
-265.4911376819857,51.752532145070404,-1
585.633170651595,-232.1215681298563,1
-816.2606746130725,273.751217681807,-1
980.2819171913015,486.05310685937957,1
-504.44576491405815,249.2353345027533,-1
68.61562900460376,-177.7755374985761,-1
637.1395142552744,114.16302612690606,1
507.14327879282564,56.8485764235088,1
74.841117843559,-179.15115533238344,-1
-857.5363908746938,-424.09300164391374,-1
57.559600344394084,91.33376364131834,1
238.4502702896482,-197.63163961492756,1
26.781723554699283,76.25113671295242,1
-662.2353687705681,-86.23822388819457,-1
-672.881351260032,-223.65221229335918,-1
-352.57314156588654,371.05247275069644,-1
775.8478375696038,-92.07704981905061,1
607.9267288013666,329.37415515128805,1
-735.9789539492176,58.5448997300241,-1
601.233989417839,-71.11834129590545,1
-268.88672284328277,194.3895174379519,-1
721.2629539860229,-102.46156399104177,1
409.41272710599355,262.07520242828434,1
825.8708417278588,399.93109794885527,1
30.838441459203978,295.18642061635774,1
854.2403056226308,39.05929898667273,1
-584.0591777210236,66.69633332042861,-1
-533.0656547118678,290.9598786461287,-1
-261.8670271783899,-360.6345064242563,-1
624.9930569417543,4.070056062248511,1
983.6174418486057,-199.7064938694749,1
-151.24337607441873,-246.19797000672028,-1
183.9207145054179,-140.77215510661756,1
233.64949332765673,131.51004275884316,1
-778.2515551170885,270.30148230384043,-1
-613.3576990354643,282.11648607876987,-1
-713.8503987890133,-51.944935206649234,-1
-650.4790381040699,-498.21630612595226,-1
-684.3944864633413,-205.7255430419641,-1
134.8563942843955,-161.9536227032097,1
-423.13930358759785,-361.3646260691887,-1
562.0022294908119,-234.61058758924992,1
-309.8429132827873,-310.72413428860744,-1
493.21823652767625,-132.2331919261294,1
637.2337238941282,336.12622551376194,1
-480.7042773173072,-300.5176368294551,-1
139.9154551112042,-362.6095493307365,-1
201.5088031650896,-192.74176600491796,1
-74.42122099980247,-213.7419962956527,-1
831.44264721136,-292.2623187370522,1
-33.51668067252331,43.578730479347314,-1
695.2740505902468,215.2165731306519,1
-580.708099130528,216.4825178534893,-1
-662.3359907100523,-447.59313894648733,-1
472.28039180775954,71.9985751713466,1
-868.825292381357,-406.3791533899922,-1
-934.8894606376881,-318.31304443502495,-1
761.8450730512202,-309.710448471375,1
379.5270601525351,-342.4371662369608,1
850.7548238137015,-327.3173082295136,1
486.34569940874326,-264.5056611745741,1
821.8156248182529,169.34261240323042,1
-603.1881076784073,-321.80061820674473,-1
170.20950810876343,-388.02805619193407,-1
514.7337218911855,-397.5680622111304,1
-866.34479592988,88.89908358823357,-1
16.50415181820142,-34.85947229922073,-1
-952.9127813667997,192.93854545956458,-1
901.9292266097755,-178.48749585042424,1
-849.3192664434677,17.770553739318075,-1
-575.4246514319382,-480.19535596707465,-1
-559.6049290045555,-197.79249836350232,-1
-937.4559319019835,-405.5053899136857,-1
356.89826893872646,361.25166284239776,1
183.32014287150992,-200.86798249251711,1
330.4945124371111,22.672927556284776,1
-351.1011809497786,-394.78172152492584,-1
650.3671116930104,59.63907061534667,1
-54.23582826962979,300.8058418819131,1
841.9606470776348,-306.0358150160404,1
-317.09423299978084,-499.24556857894055,-1
471.4790473184353,-238.10527825850835,1
198.73895778511428,200.07957087717273,1
813.8888652800633,243.76323149075733,1
-332.9841683997046,-40.409020010440656,-1
863.1447390791568,282.73579399490427,1
850.2444241803892,-483.1279684376949,1
-74.15439343185585,-459.89447243064694,-1
-881.6792539242075,-95.7352972525398,-1
768.0868116234406,-80.13746876592052,1
-108.31258818260835,-232.17435944167084,-1
128.29115189038635,-344.1277590243657,-1
323.03588638866654,-425.15484927231915,1
-36.50126717647879,-331.8120219892998,-1
-397.2995691586967,-22.191261505530292,-1
-427.1901092239825,-302.06074414912354,-1
-491.63190458523155,-13.4984693591922,-1
-329.99993982592764,147.74081492895266,-1
99.24207139161263,143.98996367244627,1
652.4966832989394,-163.94656684314447,1
357.2863072726161,-113.87712003460007,1
-793.9655193385033,366.78192059945206,-1
320.89751364630047,-487.2542820145318,1
-498.70104878266244,-229.28022552432816,-1
67.01654784477046,463.4910582943726,1
224.85366853092114,413.498720043935,1
835.591329034884,123.19653679930184,1
-575.7989029410451,424.4551804731583,-1
308.62866667161256,-164.9413051304902,1
-214.31642957402187,-26.705995991026384,-1
288.96349467795835,143.7525598208057,1
-792.079376141915,-205.37572998797384,-1
592.0604498502614,-50.21658277767426,1
228.24264575741836,-159.87496883717546,1
551.5798484925986,-261.96265538250543,1
389.9195583428225,344.16148680324625,1
693.1546524692592,49.70671490822008,1
959.1904909258405,-62.261288883970224,1
852.8345816645503,-466.4523186587186,1
783.6140803426817,141.90713152953856,1
453.9486728891877,-19.237653360806974,1
971.040527986512,241.98299815994733,1
-803.6200866466363,-52.635441845049,-1
236.29905296134507,289.74329424104803,1
892.0481253680207,-418.4764546803294,1
507.502156205908,-249.88766776788063,1
57.86829039802569,-204.17136533647317,-1
238.47418770015815,137.68240171206492,1
-41.857460149880694,31.614195914125048,-1
510.77510127216533,-417.35554155789146,1
-321.19732582619395,-30.48884311642621,-1
844.8187376966907,-460.0441862527017,1
556.9079233918944,33.42423364012075,1
17.234199259977345,25.144723759616568,1
326.57181662265816,35.78080632241188,1
670.59837610114,125.24211386905279,1
-538.8019555268345,380.08419640349666,-1
362.73385106950855,-487.1812887955513,1
725.2008754210533,39.80502847192088,1
-756.2990288288092,26.850344986464734,-1
-261.2661745440405,-66.681346387958,-1
-174.33840804685883,-177.24623226018565,-1
971.7944342394064,-391.1456352706515,1
414.1154715284615,-498.871653380799,1
-667.1589252361514,-431.4625815585691,-1
-700.0788995090384,222.05534751063055,-1
-213.6426415106747,442.21788734075096,1
980.398358109001,-347.49726601409793,1
211.94266463727604,-221.00095169754206,1
276.1366036872039,-482.8288512987547,1
488.4933494264403,-3.2757245214013437,1
-599.0754214631455,330.776040647076,-1
318.43684753530374,-231.6806084647879,1
-433.6770746221523,193.43234195648597,-1
971.4580263441107,-450.69804202124743,1
-275.0325794512813,-12.913396870240831,-1
-6.303147763093875,-228.54301047609692,-1
-311.5225941490727,382.8722768166857,-1
-17.59356521052905,182.62031627643114,1
270.56153341086474,-340.15259633041893,1
55.509105380465826,424.9752239654075,1
571.8098672460369,194.74624339008187,1
828.6719752533727,-445.6793690966982,1
66.67039116552473,-251.2713673438436,-1
-559.173344338509,-455.13502043055774,-1
-117.14759251302075,412.6470396367886,1
489.70449972322695,109.94564319129245,1
-895.0798671180058,105.84614194462335,-1
795.3110278716551,243.95758061440972,1
95.953503928479,-74.84590960442597,1
935.9450101732509,-348.0891850634481,1
-202.6453353920523,-339.96829733120336,-1
85.18156249204617,101.09457695058757,1
-160.35735831665795,187.15587223992316,-1
-161.05456647991969,-333.7907980215589,-1
-785.2228389410208,-143.61516971294884,-1
-603.036276487463,-217.16590213528156,-1
350.33809482163974,-299.827898168989,1
712.0009721297245,-9.406396783446212,1
-909.4406252620302,-326.924428912409,-1
172.42273102301147,258.23615415716233,1
-187.13372418498818,416.5194101923689,1
144.23110951181138,423.4715553839104,1
77.10418696350916,314.84006619604884,1
-912.3943138173713,-32.11123444013418,-1
449.73410287146476,-141.4602298318094,1
-572.2924601090792,-492.0086464598783,-1
354.0700351452324,-191.7284950241941,1
-549.4298694411871,341.1695979080241,-1
-206.1829991774273,41.556851528726725,-1
624.2684917807696,-5.468846390903309,1
-798.6981410022394,373.83687681836545,-1
52.90984472731816,-346.8992506716936,-1
-937.8898292009088,-399.60302863438847,-1
-123.09630349345048,375.24775823870164,1
-604.6283505946575,-253.77799145915424,-1
-907.8571822276524,411.60316849497747,-1
866.0636706975115,180.3066786180259,1
213.2252720020772,-86.10456666124986,1
-281.0384075957679,45.872136645325895,-1
55.80203519964243,-10.634255236787169,1
-612.2848154625233,262.9495676611606,-1
-677.2064550610098,-248.47878746346132,-1
806.5046070652879,131.68811232889584,1
-725.8299342828316,-265.6962599911902,-1
883.324699071472,-387.3902262527178,1
-785.5373779125598,-15.37081296239353,-1
180.97664536529123,288.2859837517457,1
-315.2072622876884,299.3036228152024,-1
-852.0640006936602,-96.6867635800499,-1
777.8503834955789,84.8996980040414,1
-37.523680300820956,68.62271067477923,-1
-564.067094608898,362.33795765395405,-1
-901.1554073696435,52.442760651533376,-1
-496.32609525779037,68.61207560278831,-1
920.7379128525145,-188.11381056690237,1
548.4482865318273,191.13957876274924,1
0.01880849539315932,-349.31402681090816,-1
253.31555092320218,-121.57492214455834,1
-952.8942185752225,-126.0160694276554,-1
880.9842195248614,-32.69600568940399,1
438.33107432228485,-264.22063153119143,1
-576.3889649077598,148.00666394868006,-1
638.9827168893785,168.08081596879072,1
-64.06644484109995,444.65232776789117,1
-525.4157469607834,-430.28687057681867,-1
